,Persona,Total Spend,Average Spend,Transaction Count,Unique Merchant Categories
0,Affluent Segment,7789.54,29.618022813688214,263,41
1,Family,6402.14,23.451062271062273,273,21
2,Frugal Family,8917.27,25.772456647398844,346,39
3,Sensible Spenders,4488.98,38.042203389830505,118,22
4,Urban Spenders,12235.06,32.28248021108179,379,35
